<?xml version="1.0" encoding="utf-8"?>
<!--/258088/384555/2.47/4/4/Connector/-->
<quadcept_library>
  <setting unit="mil" />
  <textstyle name="Default" height="47.244094488189" strokewidth="7.8740157480315" charwidth="47.244094488189" />
  <textstyle name="Dimension" height="19.6850393700787" strokewidth="0" charwidth="19.6850393700787" />
  <textstyle name="H127W0635TH00762" height="50" strokewidth="3" charwidth="25" />
  <textstyle name="H15W15TH02" height="59.0551181102362" strokewidth="7.8740157480315" charwidth="59.0551181102362" />
  <padstyle name="r280_245" surface="True" plated="False" isvia="False" nopaste="False" nomask="True" complex="False" holesize="0">
    <padshape layer="TOP" shape="rectangle" width="96.456692913385" height="110.23622047244" />
    <padshape layer="TOP_SOLDER_PASTE" shape="rectangle" width="96.456692913385" height="110.23622047244" />
  </padstyle>
  <padstyle name="c85_h170" surface="False" plated="True" isvia="False" nopaste="True" nomask="True" complex="False" holesize="66.929133858267">
    <padshape layer="TOP" shape="round" width="33.464566929133" height="33.464566929133" />
    <padshape layer="INNER" shape="round" width="33.464566929133" height="33.464566929133" />
    <padshape layer="BOTTOM" shape="round" width="33.464566929133" height="33.464566929133" />
  </padstyle>
  <padstyle name="c95_h190" surface="False" plated="True" isvia="False" nopaste="True" nomask="True" complex="False" holesize="74.803149606298">
    <padshape layer="TOP" shape="round" width="37.401574803149" height="37.401574803149" />
    <padshape layer="INNER" shape="round" width="37.401574803149" height="37.401574803149" />
    <padshape layer="BOTTOM" shape="round" width="37.401574803149" height="37.401574803149" />
  </padstyle>
  <footprint name="PJ002BHSMTTR" originx="0" originy="0" pickpointx="0" pickpointy="0">
    <pcbpin number="1" name="1" style="r280_245" originx="-94.488188976377" originy="225.3937007874" rotation="90" />
    <pcbpin number="2" name="2" style="r280_245" originx="145.66929133858" originy="225.3937007874" rotation="90" />
    <pcbpin number="3" name="3" style="r280_245" originx="-94.488188976377" originy="-225.3937007874" rotation="90" />
    <pcbpin number="4" name="4" style="r280_245" originx="145.66929133858" originy="-225.3937007874" rotation="90" />
    <pcbpin number="5" name="5" style="c85_h170" originx="-94.488188976377" originy="0" rotation="90" />
    <pcbpin number="6" name="6" style="c95_h190" originx="108.66141732283" originy="0" rotation="90" />
    <line layer="TOP_ASSEMBLY" originx="-291.33858267716" originy="177.16535433071" endx="291.33858267716" endy="177.16535433071" width="7.8740157480314" />
    <line layer="TOP_ASSEMBLY" originx="291.33858267716" originy="177.16535433071" endx="291.33858267716" endy="-177.16535433071" width="7.8740157480314" />
    <line layer="TOP_ASSEMBLY" originx="291.33858267716" originy="-177.16535433071" endx="-291.33858267716" endy="-177.16535433071" width="7.8740157480314" />
    <line layer="TOP_ASSEMBLY" originx="-291.33858267716" originy="-177.16535433071" endx="-291.33858267716" endy="177.16535433071" width="7.8740157480314" />
    <line layer="TOP_PLACE_BOUND" originx="-330.70866141732" originy="312.99212598425" endx="330.70866141732" endy="312.99212598425" width="3.9370078740157" />
    <line layer="TOP_PLACE_BOUND" originx="330.70866141732" originy="312.99212598425" endx="330.70866141732" endy="-312.99212598425" width="3.9370078740157" />
    <line layer="TOP_PLACE_BOUND" originx="330.70866141732" originy="-312.99212598425" endx="-330.70866141732" endy="-312.99212598425" width="3.9370078740157" />
    <line layer="TOP_PLACE_BOUND" originx="-330.70866141732" originy="-312.99212598425" endx="-330.70866141732" endy="312.99212598425" width="3.9370078740157" />
    <line layer="TOP_SILKSCREEN" originx="-177.16535433071" originy="177.16535433071" endx="-291.33858267716" endy="177.16535433071" width="3.9370078740157" />
    <line layer="TOP_SILKSCREEN" originx="-291.33858267716" originy="177.16535433071" endx="-291.33858267716" endy="-177.16535433071" width="3.9370078740157" />
    <line layer="TOP_SILKSCREEN" originx="-291.33858267716" originy="-177.16535433071" endx="-177.16535433071" endy="-177.16535433071" width="3.9370078740157" />
    <line layer="TOP_SILKSCREEN" originx="216.53543307086" originy="177.16535433071" endx="291.33858267716" endy="177.16535433071" width="3.9370078740157" />
    <line layer="TOP_SILKSCREEN" originx="291.33858267716" originy="177.16535433071" endx="291.33858267716" endy="-177.16535433071" width="3.9370078740157" />
    <line layer="TOP_SILKSCREEN" originx="291.33858267716" originy="-177.16535433071" endx="216.53543307086" endy="-177.16535433071" width="3.9370078740157" />
    <line layer="TOP_SILKSCREEN" originx="-98.425196850392" originy="291.33858267716" endx="-98.425196850392" endy="291.33858267716" width="7.8740157480314" />
    <arc layer="TOP_SILKSCREEN" originx="-94.488188976377" originy="291.33858267716" startangle="180.0" sweepangle="180.0" radius="3.9370078740157" width="7.8740157480314" />
    <line layer="TOP_SILKSCREEN" originx="-90.551181102361" originy="291.33858267716" endx="-90.551181102361" endy="291.33858267716" width="7.8740157480314" />
    <arc layer="TOP_SILKSCREEN" originx="-94.488188976377" originy="291.33858267716" startangle=".0" sweepangle="180.0" radius="3.9370078740157" width="7.8740157480314" />
  </footprint>
  <symbol name="PJ-002BH-SMT-TR" originx="0" originy="0">
    <line originx="200" originy="100" endx="800" endy="100" width="10" />
    <line originx="800" originy="-200" endx="800" endy="100" width="10" />
    <line originx="800" originy="-200" endx="200" endy="-200" width="10" />
    <line originx="200" originy="100" endx="200" endy="-200" width="10" />
    <sympin number="1" originx="200" originy="0" rotation="180" length="100" width="7.8740157480315" flipped="False">
      <text name="pinname" originx="230" originy="0" style="Default" rotation="0" justify="left" flipped="False" hidden="False" data="1_1" />
      <text name="pindes" originx="140" originy="20" style="Default" rotation="0" justify="lowerright" flipped="False" hidden="False" data="1" />
    </sympin>
    <sympin number="2" originx="800" originy="0" rotation="0" length="100" width="7.8740157480315" flipped="False">
      <text name="pinname" originx="770" originy="0" style="Default" rotation="0" justify="right" flipped="False" hidden="False" data="1_2" />
      <text name="pindes" originx="860" originy="20" style="Default" rotation="0" justify="lowerleft" flipped="False" hidden="False" data="2" />
    </sympin>
    <sympin number="3" originx="200" originy="-100" rotation="180" length="100" width="7.8740157480315" flipped="False">
      <text name="pinname" originx="230" originy="-100" style="Default" rotation="0" justify="left" flipped="False" hidden="False" data="2" />
      <text name="pindes" originx="140" originy="-80" style="Default" rotation="0" justify="lowerright" flipped="False" hidden="False" data="3" />
    </sympin>
    <sympin number="4" originx="800" originy="-100" rotation="0" length="100" width="7.8740157480315" flipped="False">
      <text name="pinname" originx="770" originy="-100" style="Default" rotation="0" justify="right" flipped="False" hidden="False" data="3" />
      <text name="pindes" originx="860" originy="-80" style="Default" rotation="0" justify="lowerleft" flipped="False" hidden="False" data="4" />
    </sympin>
  </symbol>
  <component name="PJ-002BH-SMT-TR" designatorprefix="J" height="433.07086614173" footprint="PJ002BHSMTTR">
    <comppin designator="1" sympin="1" pinswap="0" gateswap="0" gate="1" group="1" side="" type="Any" name="1_1" />
    <comppin designator="2" sympin="2" pinswap="0" gateswap="0" gate="1" group="1" side="" type="Any" name="1_2" />
    <comppin designator="3" sympin="3" pinswap="0" gateswap="0" gate="1" group="1" side="" type="Any" name="2" />
    <comppin designator="4" sympin="4" pinswap="0" gateswap="0" gate="1" group="1" side="" type="Any" name="3" />
    <attached_symbol gate="1" name="PJ-002BH-SMT-TR" />
    <pinmap designator="1" footprintpin="1" />
    <pinmap designator="2" footprintpin="2" />
    <pinmap designator="3" footprintpin="3" />
    <pinmap designator="4" footprintpin="4" />
    <text name="Datasheet" originx="0" originy="0" style="Default" rotation="0" justify="" flipped="False" hidden="True" data="https://www.cui.com/product/resource/pj-002bh-smt-tr.pdf" />
    <text name="Description" originx="0" originy="0" style="Default" rotation="0" justify="" flipped="False" hidden="True" data="DC Power Connectors Power Jacks" />
    <text name="Manufacturer_Name" originx="0" originy="0" style="Default" rotation="0" justify="" flipped="False" hidden="True" data="CUI Devices" />
    <text name="Manufacturer_Part_Number" originx="850" originy="200" style="Default" rotation="0" justify="left" flipped="False" hidden="False" data="PJ-002BH-SMT-TR" />
    <text name="Arrow Part Number" originx="0" originy="0" style="Default" rotation="0" justify="" flipped="False" hidden="True" data="PJ-002BH-SMT-TR" />
    <text name="Arrow Price/Stock" originx="0" originy="0" style="Default" rotation="0" justify="" flipped="False" hidden="True" data="https://www.arrow.com/en/products/pj-002bh-smt-tr/cui-devices" />
    <text name="Mouser Part Number" originx="0" originy="0" style="Default" rotation="0" justify="" flipped="False" hidden="True" data="490-PJ-002BH-SMT-TR" />
    <text name="Mouser Price/Stock" originx="0" originy="0" style="Default" rotation="0" justify="" flipped="False" hidden="True" data="https://www.mouser.co.uk/ProductDetail/CUI-Devices/PJ-002BH-SMT-TR?qs=WyjlAZoYn53o41yWl%252Bm9HQ%3D%3D" />
  </component>
</quadcept_library>
