<?xml version="1.0" encoding="utf-8"?>
<!--/1471143/384555/2.47/4/4/Filter/-->
<quadcept_library>
  <setting unit="mil" />
  <textstyle name="Default" height="47.244094488189" strokewidth="7.8740157480315" charwidth="47.244094488189" />
  <textstyle name="Dimension" height="19.6850393700787" strokewidth="0" charwidth="19.6850393700787" />
  <textstyle name="H127W0635TH00762" height="50" strokewidth="3" charwidth="25" />
  <textstyle name="H15W15TH02" height="59.0551181102362" strokewidth="7.8740157480315" charwidth="59.0551181102362" />
  <padstyle name="c178.5_h119" surface="False" plated="True" isvia="False" nopaste="True" nomask="True" complex="False" holesize="46.850393700787">
    <padshape layer="TOP" shape="round" width="70.27559055118" height="70.27559055118" />
    <padshape layer="INNER" shape="round" width="70.27559055118" height="70.27559055118" />
    <padshape layer="BOTTOM" shape="round" width="70.27559055118" height="70.27559055118" />
  </padstyle>
  <footprint name="B82724J8302N040" originx="0" originy="0" pickpointx="0" pickpointy="0">
    <pcbpin number="1" name="1" style="c178.5_h119" originx="0" originy="0" rotation="90" />
    <pcbpin number="2" name="2" style="c178.5_h119" originx="0" originy="-492.12598425196" rotation="90" />
    <pcbpin number="3" name="3" style="c178.5_h119" originx="590.55118110236" originy="-492.12598425196" rotation="90" />
    <pcbpin number="4" name="4" style="c178.5_h119" originx="590.55118110236" originy="0" rotation="90" />
    <line layer="TOP_ASSEMBLY" originx="-68.897637795275" originy="-862.20472440944" endx="659.44881889763" endy="-862.20472440944" width="7.8740157480314" />
    <line layer="TOP_ASSEMBLY" originx="659.44881889763" originy="-862.20472440944" endx="659.44881889763" endy="370.07874015748" width="7.8740157480314" />
    <line layer="TOP_ASSEMBLY" originx="659.44881889763" originy="370.07874015748" endx="-68.897637795275" endy="370.07874015748" width="7.8740157480314" />
    <line layer="TOP_ASSEMBLY" originx="-68.897637795275" originy="370.07874015748" endx="-68.897637795275" endy="-862.20472440944" width="7.8740157480314" />
    <line layer="TOP_SILKSCREEN" originx="-68.897637795275" originy="-862.20472440944" endx="659.44881889763" endy="-862.20472440944" width="3.9370078740157" />
    <line layer="TOP_SILKSCREEN" originx="659.44881889763" originy="-862.20472440944" endx="659.44881889763" endy="370.07874015748" width="3.9370078740157" />
    <line layer="TOP_SILKSCREEN" originx="659.44881889763" originy="370.07874015748" endx="-68.897637795275" endy="370.07874015748" width="3.9370078740157" />
    <line layer="TOP_SILKSCREEN" originx="-68.897637795275" originy="370.07874015748" endx="-68.897637795275" endy="-862.20472440944" width="3.9370078740157" />
    <line layer="TOP_PLACE_BOUND" originx="-137.79527559055" originy="409.44881889763" endx="698.81889763779" endy="409.44881889763" width="3.9370078740157" />
    <line layer="TOP_PLACE_BOUND" originx="698.81889763779" originy="409.44881889763" endx="698.81889763779" endy="-901.5748031496" width="3.9370078740157" />
    <line layer="TOP_PLACE_BOUND" originx="698.81889763779" originy="-901.5748031496" endx="-137.79527559055" endy="-901.5748031496" width="3.9370078740157" />
    <line layer="TOP_PLACE_BOUND" originx="-137.79527559055" originy="-901.5748031496" endx="-137.79527559055" endy="409.44881889763" width="3.9370078740157" />
    <line layer="TOP_SILKSCREEN" originx="-98.425196850392" originy="-9.8425196850392" endx="-98.425196850392" endy="-9.8425196850392" width="3.9370078740157" />
    <arc layer="TOP_SILKSCREEN" originx="-96.456692913385" originy="-9.8425196850392" startangle="180.0" sweepangle="180.0" radius="1.9685039370078" width="3.9370078740157" />
    <line layer="TOP_SILKSCREEN" originx="-94.488188976377" originy="-9.8425196850392" endx="-94.488188976377" endy="-9.8425196850392" width="3.9370078740157" />
    <arc layer="TOP_SILKSCREEN" originx="-96.456692913385" originy="-9.8425196850392" startangle=".0" sweepangle="180.0" radius="1.9685039370078" width="3.9370078740157" />
  </footprint>
  <symbol name="B82724J8302N040" originx="0" originy="0">
    <line originx="200" originy="100" endx="600" endy="100" width="10" />
    <line originx="600" originy="-200" endx="600" endy="100" width="10" />
    <line originx="600" originy="-200" endx="200" endy="-200" width="10" />
    <line originx="200" originy="100" endx="200" endy="-200" width="10" />
    <sympin number="1" originx="200" originy="0" rotation="180" length="100" width="7.8740157480315" flipped="False">
      <text name="pinname" originx="230" originy="0" style="Default" rotation="0" justify="left" flipped="False" hidden="False" data="1" />
      <text name="pindes" originx="140" originy="20" style="Default" rotation="0" justify="lowerright" flipped="False" hidden="False" data="1" />
    </sympin>
    <sympin number="2" originx="200" originy="-100" rotation="180" length="100" width="7.8740157480315" flipped="False">
      <text name="pinname" originx="230" originy="-100" style="Default" rotation="0" justify="left" flipped="False" hidden="False" data="2" />
      <text name="pindes" originx="140" originy="-80" style="Default" rotation="0" justify="lowerright" flipped="False" hidden="False" data="2" />
    </sympin>
    <sympin number="3" originx="600" originy="-100" rotation="0" length="100" width="7.8740157480315" flipped="False">
      <text name="pinname" originx="570" originy="-100" style="Default" rotation="0" justify="right" flipped="False" hidden="False" data="3" />
      <text name="pindes" originx="660" originy="-80" style="Default" rotation="0" justify="lowerleft" flipped="False" hidden="False" data="3" />
    </sympin>
    <sympin number="4" originx="600" originy="0" rotation="0" length="100" width="7.8740157480315" flipped="False">
      <text name="pinname" originx="570" originy="0" style="Default" rotation="0" justify="right" flipped="False" hidden="False" data="4" />
      <text name="pindes" originx="660" originy="20" style="Default" rotation="0" justify="lowerleft" flipped="False" hidden="False" data="4" />
    </sympin>
  </symbol>
  <component name="B82724J8302N040" designatorprefix="FL" height="1307.0866141732" footprint="B82724J8302N040">
    <comppin designator="1" sympin="1" pinswap="0" gateswap="0" gate="1" group="1" side="" type="Any" name="1" />
    <comppin designator="2" sympin="2" pinswap="0" gateswap="0" gate="1" group="1" side="" type="Any" name="2" />
    <comppin designator="3" sympin="3" pinswap="0" gateswap="0" gate="1" group="1" side="" type="Any" name="3" />
    <comppin designator="4" sympin="4" pinswap="0" gateswap="0" gate="1" group="1" side="" type="Any" name="4" />
    <attached_symbol gate="1" name="B82724J8302N040" />
    <pinmap designator="1" footprintpin="1" />
    <pinmap designator="2" footprintpin="2" />
    <pinmap designator="3" footprintpin="3" />
    <pinmap designator="4" footprintpin="4" />
    <text name="Datasheet" originx="0" originy="0" style="Default" rotation="0" justify="" flipped="False" hidden="True" data="https://www.arrow.com/en/products/b82724j8302n040/epcos-tdk" />
    <text name="Description" originx="0" originy="0" style="Default" rotation="0" justify="" flipped="False" hidden="True" data="Fixed Inductors RING CORE CHOKE 2x15mH 3A" />
    <text name="Manufacturer_Name" originx="0" originy="0" style="Default" rotation="0" justify="" flipped="False" hidden="True" data="TDK" />
    <text name="Manufacturer_Part_Number" originx="650" originy="200" style="Default" rotation="0" justify="left" flipped="False" hidden="False" data="B82724J8302N040" />
    <text name="Arrow Part Number" originx="0" originy="0" style="Default" rotation="0" justify="" flipped="False" hidden="True" data="B82724J8302N040" />
    <text name="Arrow Price/Stock" originx="0" originy="0" style="Default" rotation="0" justify="" flipped="False" hidden="True" data="https://www.arrow.com/en/products/b82724j8302n040/epcos-tdk" />
    <text name="Mouser Part Number" originx="0" originy="0" style="Default" rotation="0" justify="" flipped="False" hidden="True" data="871-B82724J8302N040" />
    <text name="Mouser Price/Stock" originx="0" originy="0" style="Default" rotation="0" justify="" flipped="False" hidden="True" data="https://www.mouser.co.uk/ProductDetail/EPCOS-TDK/B82724J8302N040?qs=%252BEew9%252B0nqrD0Uzgfxz0lWg%3D%3D" />
  </component>
</quadcept_library>
