<?xml version="1.0" encoding="utf-8"?>
<!--/233510/384555/2.47/2/3/Capacitor Polarised/-->
<quadcept_library>
  <setting unit="mil" />
  <textstyle name="Default" height="47.244094488189" strokewidth="7.8740157480315" charwidth="47.244094488189" />
  <textstyle name="Dimension" height="19.6850393700787" strokewidth="0" charwidth="19.6850393700787" />
  <textstyle name="H127W0635TH00762" height="50" strokewidth="3" charwidth="25" />
  <textstyle name="H15W15TH02" height="59.0551181102362" strokewidth="7.8740157480315" charwidth="59.0551181102362" />
  <padstyle name="r550_220" surface="True" plated="False" isvia="False" nopaste="False" nomask="True" complex="False" holesize="0">
    <padshape layer="TOP" shape="rectangle" width="86.614173228345" height="216.53543307086" />
    <padshape layer="TOP_SOLDER_PASTE" shape="rectangle" width="86.614173228345" height="216.53543307086" />
  </padstyle>
  <footprint name="CAPAE1350X1400N" originx="0" originy="0" pickpointx="0" pickpointy="0">
    <pcbpin number="1" name="1" style="r550_220" originx="-218.50393700787" originy="0" rotation="90" />
    <pcbpin number="2" name="2" style="r550_220" originx="218.50393700787" originy="0" rotation="90" />
    <line layer="TOP_PLACE_BOUND" originx="-346.45669291338" originy="289.37007874015" endx="346.45669291338" endy="289.37007874015" width="1.9685039370079" />
    <line layer="TOP_PLACE_BOUND" originx="346.45669291338" originy="289.37007874015" endx="346.45669291338" endy="-289.37007874015" width="1.9685039370079" />
    <line layer="TOP_PLACE_BOUND" originx="346.45669291338" originy="-289.37007874015" endx="-346.45669291338" endy="-289.37007874015" width="1.9685039370079" />
    <line layer="TOP_PLACE_BOUND" originx="-346.45669291338" originy="-289.37007874015" endx="-346.45669291338" endy="289.37007874015" width="1.9685039370079" />
    <line layer="TOP_ASSEMBLY" originx="265.74803149606" originy="265.74803149606" endx="-132.87401574803" endy="265.74803149606" width="3.9370078740157" />
    <line layer="TOP_ASSEMBLY" originx="-132.87401574803" originy="265.74803149606" endx="-265.74803149606" endy="132.87401574803" width="3.9370078740157" />
    <line layer="TOP_ASSEMBLY" originx="-265.74803149606" originy="132.87401574803" endx="-265.74803149606" endy="-132.87401574803" width="3.9370078740157" />
    <line layer="TOP_ASSEMBLY" originx="-265.74803149606" originy="-132.87401574803" endx="-132.87401574803" endy="-265.74803149606" width="3.9370078740157" />
    <line layer="TOP_ASSEMBLY" originx="-132.87401574803" originy="-265.74803149606" endx="265.74803149606" endy="-265.74803149606" width="3.9370078740157" />
    <line layer="TOP_ASSEMBLY" originx="265.74803149606" originy="-265.74803149606" endx="265.74803149606" endy="265.74803149606" width="3.9370078740157" />
    <line layer="TOP_SILKSCREEN" originx="-326.7716535433" originy="265.74803149606" endx="265.74803149606" endy="265.74803149606" width="7.8740157480314" />
    <line layer="TOP_SILKSCREEN" originx="-132.87401574803" originy="-265.74803149606" endx="265.74803149606" endy="-265.74803149606" width="7.8740157480314" />
  </footprint>
  <symbol name="EEE-FK1E102AQ" originx="0" originy="0">
    <line originx="200" originy="100" endx="200" endy="-100" width="10" />
    <line originx="230" originy="-100" endx="200" endy="-100" width="10" />
    <line originx="230" originy="-100" endx="230" endy="100" width="10" />
    <line originx="200" originy="100" endx="230" endy="100" width="10" />
    <line originx="180" originy="50" endx="140" endy="50" width="10" />
    <line originx="160" originy="70" endx="160" endy="30" width="10" />
    <line originx="100" originy="0" endx="200" endy="0" width="10" />
    <line originx="300" originy="0" endx="400" endy="0" width="10" />
    <sympin number="1" originx="100" originy="0" rotation="180" length="100" width="7.8740157480315" flipped="False">
      <text name="pinname" originx="0" originy="-10" style="Default" rotation="0" justify="upperleft" flipped="False" hidden="True" data="+" />
      <text name="pindes" originx="0" originy="10" style="Default" rotation="0" justify="lowerleft" flipped="False" hidden="False" data="1" />
    </sympin>
    <sympin number="2" originx="400" originy="0" rotation="0" length="100" width="7.8740157480315" flipped="False">
      <text name="pinname" originx="500" originy="-10" style="Default" rotation="0" justify="upperright" flipped="False" hidden="True" data="-" />
      <text name="pindes" originx="500" originy="10" style="Default" rotation="0" justify="lowerright" flipped="False" hidden="False" data="2" />
    </sympin>
    <polygon type="polygon">
      <point x="300" y="100" />
      <point x="300" y="-100" />
      <point x="270" y="-100" />
      <point x="270" y="100" />
    </polygon>
  </symbol>
  <component name="EEE-FK1E102AQ" designatorprefix="C" height="551.1811023622" footprint="CAPAE1350X1400N">
    <comppin designator="1" sympin="1" pinswap="0" gateswap="0" gate="1" group="1" side="" type="Any" name="+" />
    <comppin designator="2" sympin="2" pinswap="0" gateswap="0" gate="1" group="1" side="" type="Any" name="-" />
    <attached_symbol gate="1" name="EEE-FK1E102AQ" />
    <pinmap designator="1" footprintpin="1" />
    <pinmap designator="2" footprintpin="2" />
    <text name="Datasheet" originx="0" originy="0" style="Default" rotation="0" justify="" flipped="False" hidden="True" data="http://www.farnell.com/datasheets/2313264.pdf" />
    <text name="Description" originx="0" originy="0" style="Default" rotation="0" justify="" flipped="False" hidden="True" data="Panasonic 1000uF +/-20% 60m 25 V dc SMD Cylindrical Aluminium Electrolytic Capacitor" />
    <text name="Manufacturer_Name" originx="0" originy="0" style="Default" rotation="0" justify="" flipped="False" hidden="True" data="Panasonic" />
    <text name="Manufacturer_Part_Number" originx="350" originy="150" style="Default" rotation="0" justify="left" flipped="False" hidden="False" data="EEE-FK1E102AQ" />
    <text name="Arrow Part Number" originx="0" originy="0" style="Default" rotation="0" justify="" flipped="False" hidden="True" data="EEE-FK1E102AQ" />
    <text name="Arrow Price/Stock" originx="0" originy="0" style="Default" rotation="0" justify="" flipped="False" hidden="True" data="https://www.arrow.com/en/products/eee-fk1e102aq/panasonic" />
    <text name="Mouser Part Number" originx="0" originy="0" style="Default" rotation="0" justify="" flipped="False" hidden="True" data="667-EEE-FK1E102AQ" />
    <text name="Mouser Price/Stock" originx="0" originy="0" style="Default" rotation="0" justify="" flipped="False" hidden="True" data="https://www.mouser.com/Search/Refine.aspx?Keyword=667-EEE-FK1E102AQ" />
  </component>
</quadcept_library>
