<?xml version="1.0" encoding="utf-8"?>
<!--/390294/384555/2.47/2/4/Inductor/-->
<quadcept_library>
  <setting unit="mil" />
  <textstyle name="Default" height="47.244094488189" strokewidth="7.8740157480315" charwidth="47.244094488189" />
  <textstyle name="Dimension" height="19.6850393700787" strokewidth="0" charwidth="19.6850393700787" />
  <textstyle name="H127W0635TH00762" height="50" strokewidth="3" charwidth="25" />
  <textstyle name="H15W15TH02" height="59.0551181102362" strokewidth="7.8740157480315" charwidth="59.0551181102362" />
  <padstyle name="r435_150" surface="True" plated="False" isvia="False" nopaste="False" nomask="True" complex="False" holesize="0">
    <padshape layer="TOP" shape="rectangle" width="59.055118110235" height="171.25984251968" />
    <padshape layer="TOP_SOLDER_PASTE" shape="rectangle" width="59.055118110235" height="171.25984251968" />
  </padstyle>
  <footprint name="INDC4441X200N" originx="0" originy="0" pickpointx="0" pickpointy="0">
    <pcbpin number="1" name="1" style="r435_150" originx="-76.771653543306" originy="0" rotation="0" />
    <pcbpin number="2" name="2" style="r435_150" originx="76.771653543306" originy="0" rotation="0" />
    <line layer="TOP_PLACE_BOUND" originx="-116.14173228346" originy="96.456692913385" endx="116.14173228346" endy="96.456692913385" width="1.9685039370079" />
    <line layer="TOP_PLACE_BOUND" originx="116.14173228346" originy="96.456692913385" endx="116.14173228346" endy="-96.456692913385" width="1.9685039370079" />
    <line layer="TOP_PLACE_BOUND" originx="116.14173228346" originy="-96.456692913385" endx="-116.14173228346" endy="-96.456692913385" width="1.9685039370079" />
    <line layer="TOP_PLACE_BOUND" originx="-116.14173228346" originy="-96.456692913385" endx="-116.14173228346" endy="96.456692913385" width="1.9685039370079" />
    <line layer="TOP_ASSEMBLY" originx="-87.598425196849" originy="79.921259842519" endx="87.598425196849" endy="79.921259842519" width="3.9370078740157" />
    <line layer="TOP_ASSEMBLY" originx="87.598425196849" originy="79.921259842519" endx="87.598425196849" endy="-79.921259842519" width="3.9370078740157" />
    <line layer="TOP_ASSEMBLY" originx="87.598425196849" originy="-79.921259842519" endx="-87.598425196849" endy="-79.921259842519" width="3.9370078740157" />
    <line layer="TOP_ASSEMBLY" originx="-87.598425196849" originy="-79.921259842519" endx="-87.598425196849" endy="79.921259842519" width="3.9370078740157" />
    <line layer="TOP_SILKSCREEN" originx="0" originy="75.984251968503" endx="0" endy="-75.984251968503" width="7.8740157480314" />
  </footprint>
  <symbol name="SRP4020TA-2R2M" originx="0" originy="0">
    <arc originx="250" originy="-2" startangle="177.7" sweepangle="-175.4" radius="50" width="10" />
    <arc originx="350" originy="-2" startangle="177.7" sweepangle="-175.4" radius="50" width="10" />
    <arc originx="450" originy="-2" startangle="177.7" sweepangle="-175.4" radius="50" width="10" />
    <arc originx="550" originy="-2" startangle="177.7" sweepangle="-175.4" radius="50" width="10" />
    <sympin number="1" originx="200" originy="0" rotation="180" length="100" width="7.8740157480315" flipped="False">
      <text name="pinname" originx="0" originy="-10" style="Default" rotation="0" justify="upperleft" flipped="False" hidden="True" data="1" />
      <text name="pindes" originx="0" originy="10" style="Default" rotation="0" justify="lowerleft" flipped="False" hidden="False" data="1" />
    </sympin>
    <sympin number="2" originx="600" originy="0" rotation="0" length="100" width="7.8740157480315" flipped="False">
      <text name="pinname" originx="800" originy="-10" style="Default" rotation="0" justify="upperright" flipped="False" hidden="True" data="2" />
      <text name="pindes" originx="800" originy="10" style="Default" rotation="0" justify="lowerright" flipped="False" hidden="False" data="2" />
    </sympin>
  </symbol>
  <component name="SRP4020TA-2R2M" designatorprefix="L" height="78.740157480314" footprint="INDC4441X200N">
    <comppin designator="1" sympin="1" pinswap="0" gateswap="0" gate="1" group="1" side="" type="Any" name="1" />
    <comppin designator="2" sympin="2" pinswap="0" gateswap="0" gate="1" group="1" side="" type="Any" name="2" />
    <attached_symbol gate="1" name="SRP4020TA-2R2M" />
    <pinmap designator="1" footprintpin="1" />
    <pinmap designator="2" footprintpin="2" />
    <text name="Datasheet" originx="0" originy="0" style="Default" rotation="0" justify="" flipped="False" hidden="True" data="http://www.bourns.com/docs/Product-Datasheets/SRP4020TA.pdf" />
    <text name="Description" originx="0" originy="0" style="Default" rotation="0" justify="" flipped="False" hidden="True" data="Bourns SRP4020TA Series Shielded Wire-wound SMD Inductor with a Carbonyl Powder Core, 2.2 uH +/-20% 4A Idc" />
    <text name="Manufacturer_Name" originx="0" originy="0" style="Default" rotation="0" justify="" flipped="False" hidden="True" data="Bourns" />
    <text name="Manufacturer_Part_Number" originx="650" originy="150" style="Default" rotation="0" justify="left" flipped="False" hidden="False" data="SRP4020TA-2R2M" />
    <text name="Arrow Part Number" originx="0" originy="0" style="Default" rotation="0" justify="" flipped="False" hidden="True" data="SRP4020TA-2R2M" />
    <text name="Arrow Price/Stock" originx="0" originy="0" style="Default" rotation="0" justify="" flipped="False" hidden="True" data="https://www.arrow.com/en/products/srp4020ta-2r2m/bourns" />
    <text name="Mouser Part Number" originx="0" originy="0" style="Default" rotation="0" justify="" flipped="False" hidden="True" data="652-SRP4020TA-2R2M" />
    <text name="Mouser Price/Stock" originx="0" originy="0" style="Default" rotation="0" justify="" flipped="False" hidden="True" data="https://www.mouser.co.uk/ProductDetail/Bourns/SRP4020TA-2R2M?qs=Ph8%2FHnX6CQzUb2m5vBibOg%3D%3D" />
  </component>
</quadcept_library>
